{"_step":19,"_wandb":{"runtime":57},"_runtime":57,"train/loss":0.5114760866860295,"epoch":19,"_timestamp":1.7705975859265149e+09}