{"epoch":9,"_timestamp":1.770647012070338e+09,"_wandb":{"runtime":29},"_runtime":29,"_step":9,"train/loss":0.8304395448521275}