{"_wandb":{"runtime":26},"_runtime":26,"_step":9,"train/loss":0.8135374545136376,"epoch":9,"_timestamp":1.770663208592057e+09}