{"_step":9,"train/loss":0.8115076311409016,"epoch":9,"_timestamp":1.770647071688736e+09,"_wandb":{"runtime":27},"_runtime":27}