{"_wandb":{"runtime":27},"_runtime":27,"train/loss":0.8115076311409016,"epoch":9,"_timestamp":1.770648559541216e+09,"_step":9}