{"_timestamp":1.770647187907596e+09,"_wandb":{"runtime":26},"_runtime":26,"_step":9,"train/loss":0.8026775740601523,"epoch":9}