{"_step":9,"_wandb":{"runtime":26},"_runtime":26,"train/loss":0.8238271302579309,"epoch":9,"_timestamp":1.770659450426267e+09}