{"_timestamp":1.770597645183787e+09,"_step":19,"_wandb":{"runtime":56},"_runtime":56,"train/loss":0.5676812005927191,"epoch":19}