{"train/loss":0.8304395448521275,"_wandb":{"runtime":26},"_runtime":26,"epoch":9,"_timestamp":1.7706485016291e+09,"_step":9}