{"epoch":9,"_timestamp":1.770663330962176e+09,"_step":9,"train/loss":0.7993961854663956,"_wandb":{"runtime":27},"_runtime":27}