{"train/loss":0.8115076311409016,"epoch":9,"_wandb":{"runtime":27},"_runtime":27,"_timestamp":1.770650466456727e+09,"_step":9}