{"train/loss":1.390668110469418,"epoch":9,"_timestamp":1.770660753679198e+09,"_step":9,"_wandb":{"runtime":20},"_runtime":20}