{"_runtime":19,"_step":9,"train/loss":1.3945358339173104,"epoch":9,"_timestamp":1.7706633771685388e+09,"_wandb":{"runtime":19}}