{"train/loss":0.8115076311409016,"epoch":9,"_timestamp":1.7706594803009658e+09,"_wandb":{"runtime":27},"_runtime":27,"_step":9}