{"cka/value":0.7535927295684814,"_wandb":{"runtime":131},"_runtime":131,"_timestamp":1.77059677350492e+09,"_step":40,"train/loss":0.5676812005927191,"epoch":19}