{"_step":9,"train/loss":1.390668110469418,"epoch":9,"_timestamp":1.7706633537575622e+09,"_wandb":{"runtime":20},"_runtime":20}