{"_step":9,"_wandb":{"runtime":25},"_runtime":25,"train/loss":0.8304395448521275,"epoch":9,"_timestamp":1.770659421126944e+09}