{"_timestamp":1.770646980267892e+09,"_runtime":25,"_wandb":{"runtime":25},"_step":9,"train/loss":0.8135374545136376,"epoch":9}