{"train/loss":0.8309625829272258,"_wandb":{"runtime":26},"_runtime":26,"epoch":9,"_timestamp":1.770647159001665e+09,"_step":9}