{"_runtime":26,"_step":9,"train/loss":0.7813289947521961,"epoch":9,"_timestamp":1.7706505243554811e+09,"_wandb":{"runtime":26}}