{"_runtime":26,"_timestamp":1.770648645600197e+09,"_step":9,"train/loss":0.8309625829272258,"epoch":9,"_wandb":{"runtime":26}}