{"train/loss":1.0582958278448686,"epoch":4,"cka/value":0.9179604649543762,"_wandb":{"runtime":53},"_runtime":53,"_timestamp":1.7705965476045299e+09,"_step":10}