{"train/loss":0.8135374545136376,"epoch":9,"_timestamp":1.7706484731037571e+09,"_wandb":{"runtime":29},"_runtime":29,"_step":9}