{"epoch":19,"_timestamp":1.770598118508924e+09,"_step":19,"_wandb":{"runtime":53},"_runtime":53,"train/loss":0.4915685534019909}