{"epoch":9,"_timestamp":1.770647129870028e+09,"_step":9,"train/loss":0.7813289947521961,"_wandb":{"runtime":27},"_runtime":27}