{"_wandb":{"runtime":20},"_runtime":20,"train/loss":1.390668110469418,"epoch":9,"_timestamp":1.770659532699472e+09,"_step":9}