{"_step":9,"train/loss":0.7993961854663956,"epoch":9,"_timestamp":1.7706607304057128e+09,"_wandb":{"runtime":26},"_runtime":26}