{"_runtime":29,"epoch":9,"_timestamp":1.770659392572284e+09,"_step":9,"train/loss":0.8135374545136376,"_wandb":{"runtime":29}}