{"_runtime":26,"train/loss":0.8026775740601523,"epoch":9,"_timestamp":1.770650581721455e+09,"_step":9,"_wandb":{"runtime":26}}