{"train/loss":0.8115076311409016,"epoch":9,"_timestamp":1.770660700296174e+09,"_wandb":{"runtime":28},"_runtime":28,"_step":9}