{"train/loss":0.8135374545136376,"epoch":9,"_timestamp":1.770660608269008e+09,"_wandb":{"runtime":27},"_runtime":27,"_step":9}