{"_timestamp":1.770663300423944e+09,"_wandb":{"runtime":28},"_runtime":28,"_step":9,"train/loss":0.8115076311409016,"epoch":9}