{"epoch":19,"_runtime":55,"_wandb":{"runtime":55},"_timestamp":1.770597749956396e+09,"_step":19,"train/loss":0.5114760866860295}