{"epoch":9,"_timestamp":1.770663448788966e+09,"_runtime":19,"_wandb":{"runtime":19},"_step":9,"train/loss":1.4094941058122288}