{"_wandb":{"runtime":27},"_runtime":27,"_timestamp":1.770650436418708e+09,"_step":9,"train/loss":0.8238271302579309,"epoch":9}