{"epoch":9,"_timestamp":1.7706486167785568e+09,"_step":9,"_wandb":{"runtime":26},"_runtime":26,"train/loss":0.7813289947521961}