{"_wandb":{"runtime":26},"train/loss":0.8238271302579309,"epoch":9,"_timestamp":1.770648530078434e+09,"_step":9,"_runtime":26}