{"epoch":9,"_timestamp":1.7706506104952161e+09,"_wandb":{"runtime":26},"_runtime":26,"_step":9,"train/loss":0.8132768912083658}