{"_wandb":{"runtime":28},"_runtime":28,"_step":9,"train/loss":0.8135374545136376,"epoch":9,"_timestamp":1.770650376779587e+09}