{"_runtime":52,"_wandb":{"runtime":52},"_step":19,"train/loss":0.6111210536621415,"epoch":19,"_timestamp":1.770598173653075e+09}