{"_timestamp":1.7706504064351318e+09,"_wandb":{"runtime":26},"_runtime":26,"_step":9,"train/loss":0.8304395448521275,"epoch":9}