{"_step":9,"train/loss":1.388441784302597,"epoch":9,"_timestamp":1.770663426126464e+09,"_wandb":{"runtime":20},"_runtime":20}