{"_wandb":{"runtime":29},"_runtime":29,"train/loss":0.8537804711505276,"epoch":9,"_timestamp":1.770637123063776e+09,"_step":9}