{"_step":9,"_wandb":{"runtime":25},"_runtime":25,"train/loss":0.8132768912083658,"epoch":9,"_timestamp":1.7706487619418938e+09}