{"_timestamp":1.770663237972057e+09,"_step":9,"train/loss":0.8304395448521275,"epoch":9,"_wandb":{"runtime":25},"_runtime":25}