{"_step":9,"train/loss":1.396994446244691,"epoch":9,"_timestamp":1.770663399818178e+09,"_wandb":{"runtime":19},"_runtime":19}