{"_wandb":{"runtime":27},"_timestamp":1.770647218023972e+09,"_step":9,"train/loss":0.8132768912083658,"epoch":9,"_runtime":27}