{"_timestamp":1.770650553295147e+09,"_step":9,"train/loss":0.8309625829272258,"epoch":9,"_wandb":{"runtime":26},"_runtime":26}