{"_wandb":{"runtime":26},"_runtime":26,"_step":9,"train/loss":0.7993961854663956,"epoch":9,"_timestamp":1.770648588029381e+09}