{"_runtime":26,"_timestamp":1.7706506397096992e+09,"_step":9,"train/loss":0.7942140388976583,"epoch":9,"_wandb":{"runtime":26}}