{"epoch":19,"_timestamp":1.770597808939172e+09,"_step":19,"train/loss":0.4915685534019909,"_wandb":{"runtime":56},"_runtime":56}