{"_runtime":50,"_step":10,"train/loss":1.0582958278448686,"epoch":4,"_timestamp":1.77059595879409e+09,"cka/value":0.9179604649543762,"_wandb":{"runtime":50}}