{"_timestamp":1.770663268397307e+09,"_step":9,"train/loss":0.8238271302579309,"_wandb":{"runtime":27},"_runtime":27,"epoch":9}