{"_wandb":{"runtime":27},"_runtime":27,"_step":9,"train/loss":0.7993961854663956,"epoch":9,"_timestamp":1.770650495734487e+09}