{"_timestamp":1.770648790355864e+09,"_step":9,"train/loss":0.7942140388976583,"_runtime":26,"_wandb":{"runtime":26},"epoch":9}