{"_step":19,"_wandb":{"runtime":55},"_runtime":55,"train/loss":0.5114760866860295,"epoch":19,"_timestamp":1.770598063285821e+09}