{"_timestamp":1.7706472470531352e+09,"_step":9,"_runtime":26,"_wandb":{"runtime":26},"train/loss":0.7942140388976583,"epoch":9}