{"_timestamp":1.7706606691077702e+09,"_step":9,"_wandb":{"runtime":27},"_runtime":27,"train/loss":0.8238271302579309,"epoch":9}