{"_wandb":{"runtime":26},"_runtime":26,"_timestamp":1.7706370915829718e+09,"_step":9,"train/loss":0.8135374545136376,"epoch":9}