{"epoch":9,"_wandb":{"runtime":26},"_runtime":26,"_timestamp":1.770648674480454e+09,"_step":9,"train/loss":0.8026775740601523}