{"epoch":9,"_timestamp":1.770659509268049e+09,"_runtime":26,"_wandb":{"runtime":26},"_step":9,"train/loss":0.7993961854663956}