{"_runtime":27,"_step":9,"train/loss":0.8304395448521275,"epoch":9,"_timestamp":1.770660638072386e+09,"_wandb":{"runtime":27}}